,diff_altitude,geo_distance
0,15.3927827278,0.066604575221
1,800.119518674,0.249446731929
2,165.675755867,0.142514471042
3,60.0805901849,0.152288719313
4,385.493878066,0.189235791621
