,diff_altitude,geo_distance
0,39.2378775699,0.193036334413
1,28.973469068,0.0896475289884
2,201.306095002,0.151213270052
3,722.50539402,0.236676233157
4,58.1707569753,0.456138628701
