,diff_altitude,geo_distance
0,24.3457364094,0.106662095671
1,2.60182506254,0.0999640369203
2,153.079875116,0.1452685881
3,87.3733201317,0.134336734505
4,48.9461769072,0.124636543663
