,route cluster,performance cluster,userid,workoutid,features,label,prediction
0,0,2,212295,871971752,"[0.161706242812,16.3,4845.92074,12.7922508]",4844.59,3918.97859823
