,Route Cluster,Peformance Cluster,Features,Actual Value,Predicted Value,% Error,Absolute Error
0,0,0,"[4354.36585366,4209.29021569,3980.17532946,4337.07587444]",4844.59,3820.42785294,0.211403265716,1024.16214706
1,0,1,"[4362.79615385,4235.36348101,3889.33214806,4157.74448082]",4844.59,3777.28858254,0.220307893435,1067.30141746
2,0,2,"[4264.91101695,4287.82338083,4219.45570782,4307.5369603]",4844.59,4179.76504604,0.137230385638,664.824953958
