,diff_altitude,geo_distance
0,15.6234618755,0.126311413217
1,11.3074459532,0.0509701719977
2,121.907637576,0.135917796263
3,26.960064434,0.222103898048
4,53.7541482923,0.0819528371215
