,heart_rate_avg,speed_avg,elapsed_time
0,9.44482252352,10.7413265014,1638.12192114
1,149.132650996,0.793534886698,1737.18865209
2,0.236064240863,0.69053545117,2025.61165349
