,heart_rate_avg,speed_avg,elapsed_time
0,-1.90264000821e-06,0.0585478511096,3754.88227595
1,150.663735266,0.638027531238,3678.96906834
2,13.7442364583,11.5565257315,3554.93999722
