,heart_rate_avg,speed_avg,elapsed_time
0,149.459864713,0.477891865801,4138.90373486
1,15.3538870133,10.4946292946,3486.12663304
2,21.0269754427,6.00007359162,6661.45938797
