,heart_rate_avg,speed_avg,elapsed_time
0,149.702973712,0.275055351686,6150.92367137
1,24.4285901383,11.7391343754,6039.33622054
2,3.2365889524e-06,0.0226043142519,6287.85405881
