,heart_rate_avg,speed_avg,elapsed_time
0,93.2773121059,0.937465210784,3765.24742208
1,151.662052486,2.73360781804,2193.61153964
2,0.555163418432,10.3656782696,2493.10547137
