max_elapsed_time,sum_geo_distance,workoutid,avg_heart_rate,avg_speed,diff_altitude,userid,prediction,new_avg_speed,new_avg_dist
437.0,0.0015339004999999999,452753043,120.6969696969697,10.156800000000002,4.399999999999999,4146688,0,10.703845341380612,0.03356326026666669
995.0,0.08885721290000007,540852634,122.34854771784232,10.848517842323655,-0.4000000000000057,4146688,0,10.703845341380612,0.03356326026666669
97.0,0.0102986674,648261310,110.78787878787878,11.10621818181818,9.4,4146688,0,10.703845341380612,0.03356326026666669
584.0,0.008835310699999998,391852957,131.28125,9.5560875,19.2,2076057,2,9.5560875,0.008835310699999998
763.0,0.0085726075,598019072,132.14965986394557,10.390334693877554,7.0,56291,2,10.390334693877554,0.0085726075
