max_elapsed_time,sum_geo_distance,workoutid,avg_heart_rate,avg_speed,diff_altitude,userid,prediction,new_avg_speed,new_avg_dist
941.0,0.0010471968000000003,540866560,135.14285714285714,9.836485714285715,51.80000000000001,854633,2,9.91520357142857,0.0016819808000000003
543.0,0.0023167648,537150590,130.08928571428572,9.993921428571426,8.400000000000006,854633,2,9.91520357142857,0.0016819808000000003
