max_elapsed_time,sum_geo_distance,workoutid,avg_heart_rate,avg_speed,diff_altitude,userid,prediction,new_avg_speed,new_avg_dist
69.0,0.0015764608999999999,542370738,127.33333333333333,11.510399999999999,-6.999999999999998,431375,0,11.510399999999999,0.0015764608999999999
999.0,0.10575711100000008,305513308,162.15,13.026950000000008,-0.4000000000000057,8747440,7,12.584805134891628,0.12270761825000001
992.0,0.11485553539999997,471333843,157.40557275541795,12.624163467492261,-0.4000000000000057,8747440,7,12.584805134891628,0.12270761825000001
994.0,0.1527373986,348637942,156.78807947019868,12.400080794701983,-0.4000000000000057,8747440,7,12.584805134891628,0.12270761825000001
994.0,0.11748042800000001,487836129,153.4087591240876,12.288026277372259,-0.4000000000000057,8747440,7,12.584805134891628,0.12270761825000001
