max_elapsed_time,sum_geo_distance,workoutid,avg_heart_rate,avg_speed,diff_altitude,userid,prediction,new_avg_speed,new_avg_dist
998.0,0.07261063460000004,575318703,171.8796992481203,12.664177443609027,10.0,2237368,7,12.535709919961198,0.07712794965000003
999.0,0.08164526470000003,472066727,155.889400921659,12.407242396313368,10.0,2237368,7,12.535709919961198,0.07712794965000003
