max_elapsed_time,sum_geo_distance,workoutid,avg_heart_rate,avg_speed,diff_altitude,userid,prediction,new_avg_speed,new_avg_dist
3805.0,0.012224900800000002,642504619,157.5,10.839278571428574,43.79999999999998,8353647,8,10.839278571428574,0.012224900800000002
