max_elapsed_time,sum_geo_distance,workoutid,avg_heart_rate,avg_speed,diff_altitude,userid,prediction,new_avg_speed,new_avg_dist
995.0,0.06884154439999998,618618815,148.01492537313433,11.376053731343276,19.199999999999996,4615477,7,11.376053731343276,0.06884154439999998
