max_elapsed_time,sum_geo_distance,workoutid,avg_heart_rate,avg_speed,diff_altitude,userid,prediction,new_avg_speed,new_avg_dist
91.0,0.0012353105,609305509,144.0,11.8986,19.0,1377236,2,11.856965,0.0020110992
55.0,0.0021848988,442375726,157.9,12.40092,-123.79999999999995,1377236,2,11.856965,0.0020110992
947.0,0.0026130883000000005,417703036,136.5,11.271375,24.799999999999955,1377236,2,11.856965,0.0020110992
