max_elapsed_time,sum_geo_distance,workoutid,avg_heart_rate,avg_speed,diff_altitude,userid,prediction,new_avg_speed,new_avg_dist
1759.0,0.0034312181000000007,595070777,125.76,12.171599999999998,9.800000000000011,1063624,2,11.77315714285714,0.0033721696000000006
744.0,0.0033131211000000005,601502871,132.35714285714286,11.374714285714285,63.39999999999998,1063624,2,11.77315714285714,0.0033721696000000006
