max_elapsed_time,sum_geo_distance,workoutid,avg_heart_rate,avg_speed,diff_altitude,userid,prediction,new_avg_speed,new_avg_dist
47.0,0.0016538942999999998,525828966,107.42857142857143,10.341771428571429,5.200000000000003,3191096,0,10.341771428571429,0.0016538942999999998
