max_elapsed_time,sum_geo_distance,workoutid,avg_heart_rate,avg_speed,diff_altitude,userid,prediction,new_avg_speed,new_avg_dist
3911.0,0.0131400576,407025285,151.11764705882354,11.919282352941178,-0.4000000000000057,8994885,8,10.992654117647058,0.0066428137333333324
3577.0,0.006592008699999999,358011852,156.16666666666666,10.071480000000001,18.599999999999994,8994885,8,10.992654117647058,0.0066428137333333324
3120.0,1.963749E-4,456387782,148.0,10.9872,0.0,8994885,8,10.992654117647058,0.0066428137333333324
