max_elapsed_time,sum_geo_distance,workoutid,avg_heart_rate,avg_speed,diff_altitude,userid,prediction,new_avg_speed,new_avg_dist
89.0,0.0030192298000000003,428706599,143.75,10.4703,1.799999999999983,12406103,2,9.61815,0.00282478775
442.0,0.0026303457,327494888,152.6,8.766,2.200000000000017,12406103,2,9.61815,0.00282478775
