max_elapsed_time,sum_geo_distance,workoutid,avg_heart_rate,avg_speed,diff_altitude,userid,prediction,new_avg_speed,new_avg_dist
2067.0,6.477091E-4,647044771,137.0,9.102599999999999,0.3999999999998636,3041144,2,9.102599999999999,6.477091E-4
99.0,0.0032542078,500345100,141.125,13.9275,4.800000000000011,3324472,2,13.9275,0.0032542078
997.0,0.07986772409999993,585097278,142.8305785123967,12.037284297520657,29.6,993057,7,12.037284297520657,0.07986772409999993
