max_elapsed_time,sum_geo_distance,workoutid,avg_heart_rate,avg_speed,diff_altitude,userid,prediction,new_avg_speed,new_avg_dist
217.0,0.0025935911999999998,284208290,131.05882352941177,9.364870588235291,15.200000000000001,432096,2,9.505247647058821,0.004886956599999999
74.0,0.002302984,347401143,142.5,10.6074,0.0,432096,2,9.505247647058821,0.004886956599999999
93.0,0.013555126999999997,222615826,136.8,9.38592,25.599999999999998,432096,2,9.505247647058821,0.004886956599999999
6.0,0.0010961242,284208313,139.66666666666666,8.662799999999999,0.0,432096,2,9.505247647058821,0.004886956599999999
6.0,0.011336364099999998,522677890,177.95652173913044,15.134086956521736,20.6,114073,6,15.134086956521736,0.011336364099999998
