max_elapsed_time,sum_geo_distance,workoutid,avg_heart_rate,avg_speed,diff_altitude,userid,prediction,new_avg_speed,new_avg_dist
9.0,0.0029777112999999997,645640543,142.66666666666666,11.44824,7.800000000000068,10917968,2,10.88862,0.0028588568
517.0,0.0027400023,643184043,127.0,10.329,2.0,10917968,2,10.88862,0.0028588568
