max_elapsed_time,sum_geo_distance,workoutid,avg_heart_rate,avg_speed,diff_altitude,userid,prediction,new_avg_speed,new_avg_dist
94.0,0.0046657915000000005,637193883,140.11111111111111,11.678199999999997,24.400000000000006,6582710,2,11.678199999999997,0.0046657915000000005
