max_elapsed_time,sum_geo_distance,workoutid,avg_heart_rate,avg_speed,diff_altitude,userid,prediction,new_avg_speed,new_avg_dist
2369.0,0.0031286551000000006,590846740,146.23076923076923,12.057784615384616,3.2000000000000455,10917968,5,12.057784615384616,0.0031286551000000006
