max_elapsed_time,sum_geo_distance,workoutid,avg_heart_rate,avg_speed,diff_altitude,userid,prediction,new_avg_speed,new_avg_dist
935.0,0.011609345000000004,361651324,141.74358974358975,9.332215384615383,17.0,14544270,2,9.332215384615383,0.011609345000000004
3894.0,0.0028648462,628833666,134.0,10.344,34.599999999999994,1675394,8,10.344,0.0028648462
