max_elapsed_time,sum_geo_distance,workoutid,avg_heart_rate,avg_speed,diff_altitude,userid,prediction,new_avg_speed,new_avg_dist
7.0,0.0011204027,543315511,135.42857142857142,9.232971428571428,0.5999999999999943,1601558,2,9.739869498069499,0.0021569529
721.0,0.0031935031,604726452,138.94594594594594,10.246767567567572,3.5999999999999943,1601558,2,9.739869498069499,0.0021569529
