max_elapsed_time,sum_geo_distance,workoutid,avg_heart_rate,avg_speed,diff_altitude,userid,prediction,new_avg_speed,new_avg_dist
2799.0,0.0050871362,351867032,155.3684210526316,13.378547368421055,17.199999999999996,2164708,5,13.219858615717376,0.023549182799999988
758.0,0.042011229399999975,221389157,156.04794520547946,13.061169863013697,10.0,2164708,5,13.219858615717376,0.023549182799999988
