max_elapsed_time,sum_geo_distance,workoutid,avg_heart_rate,avg_speed,diff_altitude,userid,prediction,new_avg_speed,new_avg_dist
1832.0,0.0061681824,239129549,146.6,12.757104000000002,8.400000000000002,1812737,5,11.95985544827586,0.0085538123
2607.0,0.0109394422,287717418,156.89655172413794,11.16260689655172,8.6,1812737,5,11.95985544827586,0.0085538123
