max_elapsed_time,sum_geo_distance,workoutid,avg_heart_rate,avg_speed,diff_altitude,userid,prediction,new_avg_speed,new_avg_dist
61.0,0.013092680100000002,611346021,122.48529411764706,7.924976470588236,24.4,3082409,0,7.924976470588236,0.013092680100000002
327.0,4.4358099999999997E-4,503323601,133.0,11.207999999999998,0.4000000000000057,3191096,2,11.207999999999998,4.4358099999999997E-4
