max_elapsed_time,sum_geo_distance,workoutid,avg_heart_rate,avg_speed,diff_altitude,userid,prediction,new_avg_speed,new_avg_dist
400.0,0.013643293599999998,580564403,137.33898305084745,10.356894915254237,26.599999999999998,2164708,2,10.356894915254237,0.013643293599999998
646.0,0.007368764900000001,522302184,148.6,12.02088,10.2,431375,2,12.83484,0.0041067018
266.0,8.446387E-4,504882284,140.66666666666666,13.6488,13.199999999999996,431375,2,12.83484,0.0041067018
