max_elapsed_time,sum_geo_distance,workoutid,avg_heart_rate,avg_speed,diff_altitude,userid,prediction,new_avg_speed,new_avg_dist
99.0,0.0164282882,248772654,147.96153846153845,11.140338461538455,23.6,1603116,2,11.140338461538455,0.0164282882
949.0,0.028272966600000008,571737435,143.51933701657458,9.687381215469612,12.400000000000002,3381703,2,9.687381215469612,0.028272966600000008
