max_elapsed_time,sum_geo_distance,workoutid,avg_heart_rate,avg_speed,diff_altitude,userid,prediction,new_avg_speed,new_avg_dist
760.0,5.163008E-4,379856002,157.25,9.846,0.1999999999999993,7425627,5,9.846,5.163008E-4
98.0,0.0164701566,287986844,157.72093023255815,11.20420465116279,58.599999999999994,8875079,5,11.20420465116279,0.0164701566
