max_elapsed_time,sum_geo_distance,workoutid,avg_heart_rate,avg_speed,diff_altitude,userid,prediction,new_avg_speed,new_avg_dist
223.0,1.485168E-4,108133085,127.0,5.3712,0.0,1493217,0,5.3712,1.485168E-4
36.0,7.082217E-4,379855770,111.33333333333333,10.548,0.6000000000000005,7425627,0,10.548,7.082217E-4
