max_elapsed_time,sum_geo_distance,workoutid,avg_heart_rate,avg_speed,diff_altitude,userid,prediction,new_avg_speed,new_avg_dist
5172.0,0.0025614277,345099031,148.28571428571428,8.868342857142858,12.0,12406103,8,9.513321428571428,0.0019050900500000001
3976.0,0.0012487524,362571329,158.5,10.158299999999999,4.200000000000017,12406103,8,9.513321428571428,0.0019050900500000001
