max_elapsed_time,sum_geo_distance,workoutid,avg_heart_rate,avg_speed,diff_altitude,userid,prediction,new_avg_speed,new_avg_dist
856.0,0.008990285099999997,531794436,155.41463414634146,10.535970731707318,4.399999999999999,126898,5,10.535970731707318,0.008990285099999997
99.0,0.029277984899999967,365318887,166.1167883211679,9.8545401459854,-105.4,13406764,5,9.825106807686579,0.016978031849999985
87.0,0.004678078799999999,492108158,162.9795918367347,9.795673469387758,3.6000000000000005,13406764,5,9.825106807686579,0.016978031849999985
