max_elapsed_time,sum_geo_distance,workoutid,avg_heart_rate,avg_speed,diff_altitude,userid,prediction,new_avg_speed,new_avg_dist
932.0,0.023495751500000012,618781332,141.4047619047619,9.956400000000004,25.19999999999999,1655221,2,9.459454437869823,0.024782490500000004
998.0,0.0260692295,440230644,127.27810650887574,8.962508875739644,24.599999999999994,1655221,2,9.459454437869823,0.024782490500000004
