max_elapsed_time,sum_geo_distance,workoutid,avg_heart_rate,avg_speed,diff_altitude,userid,prediction,new_avg_speed,new_avg_dist
5427.0,0.023242534400000004,586875290,137.03076923076924,10.387329230769227,14.200000000000045,4362441,8,10.387329230769227,0.023242534400000004
