max_elapsed_time,sum_geo_distance,workoutid,avg_heart_rate,avg_speed,diff_altitude,userid,prediction,new_avg_speed,new_avg_dist
2967.0,1.747866E-4,391674855,101.66666666666667,5.7108,56.0,6883061,0,7.1587000000000005,2.809926E-4
6.0,5.732608E-4,504736999,88.0,9.598500000000001,0.3999999999999915,6883061,0,7.1587000000000005,2.809926E-4
3.0,9.493039999999999E-5,499715897,99.0,6.1668,0.0,6883061,0,7.1587000000000005,2.809926E-4
