max_elapsed_time,sum_geo_distance,workoutid,avg_heart_rate,avg_speed,diff_altitude,userid,prediction,new_avg_speed,new_avg_dist
97.0,0.0034339416999999988,474433487,150.36111111111111,11.414899999999998,2.2,2934877,2,11.414899999999998,0.0034339416999999988
