max_elapsed_time,sum_geo_distance,workoutid,avg_heart_rate,avg_speed,diff_altitude,userid,prediction,new_avg_speed,new_avg_dist
999.0,0.009934081,386802740,125.58064516129032,12.710322580645162,29.2,3736342,2,13.172161290322581,0.007454701200000001
16.0,0.0049753214000000014,427525528,127.33333333333333,13.634000000000002,19.0,3736342,2,13.172161290322581,0.007454701200000001
