max_elapsed_time,sum_geo_distance,workoutid,avg_heart_rate,avg_speed,diff_altitude,userid,prediction,new_avg_speed,new_avg_dist
937.0,0.0040217941,321490112,138.27272727272728,9.727036363636362,12.800000000000004,4318337,2,9.41489318181818,0.007378003850000002
289.0,0.010734213600000004,483910800,150.9375,9.102749999999999,11.399999999999999,4318337,2,9.41489318181818,0.007378003850000002
