max_elapsed_time,sum_geo_distance,workoutid,avg_heart_rate,avg_speed,diff_altitude,userid,prediction,new_avg_speed,new_avg_dist
89.0,0.002474856,495570267,140.8,14.228279999999998,1.0,4146688,2,11.87037,0.003468587
214.0,0.004462318,454942576,136.55,9.51246,9.799999999999997,4146688,2,11.87037,0.003468587
376.0,0.003125841,518251439,176.23809523809524,10.6548,2.3999999999999773,8353647,6,10.416284210526316,0.0031002492499999997
95.0,0.0030746574999999995,519849451,172.10526315789474,10.177768421052631,25.599999999999994,8353647,6,10.416284210526316,0.0031002492499999997
