max_elapsed_time,sum_geo_distance,workoutid,avg_heart_rate,avg_speed,diff_altitude,userid,prediction,new_avg_speed,new_avg_dist
399.0,0.0035280847999999997,578854562,133.0625,10.66005,19.4,13469928,2,11.163207820878444,0.009906540424999997
96.0,0.015517979199999993,584746916,135.2173913043478,11.591321739130432,26.4,13469928,2,11.163207820878444,0.009906540424999997
97.0,0.015396882499999995,500079473,140.97014925373134,10.657880597014925,1.5999999999999999,13469928,2,11.163207820878444,0.009906540424999997
280.0,0.0051832152,577344551,130.10526315789474,11.74357894736842,4.4,13469928,2,11.163207820878444,0.009906540424999997
59.0,0.0086141128,605108436,127.81818181818181,10.975172727272728,12.000000000000004,283321,2,10.975172727272728,0.0086141128
8.0,0.0120706227,176356798,171.67924528301887,11.603954716981134,13.199999999999996,4318337,6,11.603954716981134,0.0120706227
