max_elapsed_time,sum_geo_distance,workoutid,avg_heart_rate,avg_speed,diff_altitude,userid,prediction,new_avg_speed,new_avg_dist
7.0,0.0057788136,419128458,143.6315789473684,9.892042105263158,34.60000000000002,1638160,2,9.956192481203008,0.00496972735
424.0,0.0041606411,612314528,152.66666666666666,10.020342857142857,10.0,1638160,2,9.956192481203008,0.00496972735
3079.0,0.005006947,334362592,158.28571428571428,12.231,10.200000000000003,1603116,5,12.231,0.005006947
2890.0,4.3198870000000003E-4,610818734,142.5,6.6231,9.200000000000003,7996903,5,8.558985183098592,0.00903766594
996.0,0.03865762390000001,323717755,147.7605633802817,9.046985915492955,-0.6000000000000085,7996903,5,8.558985183098592,0.00903766594
2111.0,0.0017830548000000001,610818776,149.4,8.21484,0.0,7996903,5,8.558985183098592,0.00903766594
82.0,0.0031643553,610819840,160.33333333333334,10.999199999999998,0.0,7996903,5,8.558985183098592,0.00903766594
2605.0,0.001151307,323717077,152.33333333333334,7.910799999999999,133.2,7996903,5,8.558985183098592,0.00903766594
