max_elapsed_time,sum_geo_distance,workoutid,avg_heart_rate,avg_speed,diff_altitude,userid,prediction,new_avg_speed,new_avg_dist
98.0,0.10680267650000005,349438764,145.32203389830508,11.822583050847452,-0.1999999999999993,2315790,7,12.296399831071568,0.10503115980000008
994.0,0.1032596431000001,364538682,149.57142857142858,12.770216611295686,20.4,2315790,7,12.296399831071568,0.10503115980000008
