max_elapsed_time,sum_geo_distance,workoutid,avg_heart_rate,avg_speed,diff_altitude,userid,prediction,new_avg_speed,new_avg_dist
6448.0,0.017019444300000002,192570026,164.14634146341464,10.081580487804878,-34.400000000000006,1818822,8,10.081580487804878,0.017019444300000002
