max_elapsed_time,sum_geo_distance,workoutid,avg_heart_rate,avg_speed,diff_altitude,userid,prediction,new_avg_speed,new_avg_dist
2186.0,0.0016539062000000002,116436704,157.42857142857142,9.678857142857142,0.1999999999999993,432096,5,9.678857142857142,0.0016539062000000002
