max_elapsed_time,sum_geo_distance,workoutid,avg_heart_rate,avg_speed,diff_altitude,userid,prediction,new_avg_speed,new_avg_dist
99.0,0.09167463240000005,80893124,155.78716216216216,10.45053243243242,69.8,2207788,7,10.422614103540154,0.08851185050000002
993.0,0.08534906859999998,90306301,140.8450704225352,10.394695774647888,10.200000000000001,2207788,7,10.422614103540154,0.08851185050000002
997.0,0.1208440315,566315572,146.41908713692945,13.136803319502068,39.4,68009,7,13.136803319502068,0.1208440315
