max_elapsed_time,sum_geo_distance,workoutid,avg_heart_rate,avg_speed,diff_altitude,userid,prediction,new_avg_speed,new_avg_dist
67.0,0.004593614500000001,465063537,134.91304347826087,10.510121739130433,17.799999999999997,10028940,2,10.359419367588929,0.0035841279666666667
6.0,0.0029320759,500674621,139.58333333333334,10.734899999999998,17.60000000000001,10028940,2,10.359419367588929,0.0035841279666666667
89.0,0.0032266935000000003,499500183,143.36363636363637,9.833236363636361,-0.7999999999999972,10028940,2,10.359419367588929,0.0035841279666666667
9.0,0.0051709727,467522271,128.05555555555554,9.249,10.2,126898,2,9.249,0.0051709727
