max_elapsed_time,sum_geo_distance,workoutid,avg_heart_rate,avg_speed,diff_altitude,userid,prediction,new_avg_speed,new_avg_dist
992.0,0.012412049100000001,414657630,164.66666666666666,10.863381818181821,22.6,283321,5,10.863381818181821,0.012412049100000001
92.0,0.07751172049999999,561966898,152.91164658634537,10.616472289156627,7.600000000000001,3381703,7,10.180509144099547,0.12037248713333337
993.0,0.1956952757000001,635621216,144.8795518207283,9.925573109243697,9.8,3381703,7,10.180509144099547,0.12037248713333337
995.0,0.0879104652,483009522,149.39661016949154,9.999482033898316,17.6,3381703,7,10.180509144099547,0.12037248713333337
3389.0,0.0036058863999999997,326349333,130.92307692307693,12.150830769230769,26.19999999999999,8875079,8,12.150830769230769,0.0036058863999999997
