max_elapsed_time,sum_geo_distance,workoutid,avg_heart_rate,avg_speed,diff_altitude,userid,prediction,new_avg_speed,new_avg_dist
9.0,0.0010907336,617818913,116.58823529411765,10.128494117647058,11.199999999999989,8353647,0,10.128494117647058,0.0010907336
