max_elapsed_time,sum_geo_distance,workoutid,avg_heart_rate,avg_speed,diff_altitude,userid,prediction,new_avg_speed,new_avg_dist
817.0,0.0072921944,273430797,141.27777777777777,10.3915,18.599999999999966,80118,2,10.368284782608697,0.0076862771
95.0,0.008080359799999999,299866442,143.17391304347825,10.345069565217395,18.600000000000023,80118,2,10.368284782608697,0.0076862771
