max_elapsed_time,sum_geo_distance,workoutid,avg_heart_rate,avg_speed,diff_altitude,userid,prediction,new_avg_speed,new_avg_dist
51.0,0.0014375935000000002,296182559,123.85714285714286,11.749371428571427,19.400000000000002,2315790,0,11.749371428571427,0.0014375935000000002
502.0,0.006206363600000002,472678852,154.91666666666666,10.163849999999996,32.400000000000006,1638160,5,10.163849999999996,0.006206363600000002
909.0,0.09948985020000001,62593681,176.5605381165919,13.719277130044839,-0.20000000000000284,56331,7,13.719277130044839,0.09948985020000001
8600.0,0.0231940093,610271083,154.58461538461538,7.57019076923077,20.400000000000034,2174810,8,7.57019076923077,0.0231940093
