max_elapsed_time,sum_geo_distance,workoutid,avg_heart_rate,avg_speed,diff_altitude,userid,prediction,new_avg_speed,new_avg_dist
26.0,0.0011631782999999998,366407436,150.2,9.48456,0.0,7996903,2,8.318265,0.003830854375
9.0,0.0020339246,323717705,147.83333333333334,8.1729,4.200000000000003,7996903,2,8.318265,0.003830854375
8.0,0.0011458752,366407534,134.88888888888889,7.354800000000001,38.0,7996903,2,8.318265,0.003830854375
95.0,0.0109804394,393107382,151.37179487179486,8.260800000000001,27.0,7996903,2,8.318265,0.003830854375
