max_elapsed_time,sum_geo_distance,workoutid,avg_heart_rate,avg_speed,diff_altitude,userid,prediction,new_avg_speed,new_avg_dist
702.0,0.0059227269,530740947,150.26923076923077,13.366384615384616,14.6,3411439,2,13.366384615384616,0.0059227269
