max_elapsed_time,sum_geo_distance,workoutid,avg_heart_rate,avg_speed,diff_altitude,userid,prediction,new_avg_speed,new_avg_dist
43.0,0.0019161595000000001,615972067,124.16666666666667,10.7184,1.1999999999999993,5539676,0,10.7184,0.0019161595000000001
942.0,0.0020708603,417007782,168.36363636363637,10.06952727272727,6.799999999999983,2568526,5,10.06952727272727,0.0020708603
