max_elapsed_time,sum_geo_distance,workoutid,avg_heart_rate,avg_speed,diff_altitude,userid,prediction,new_avg_speed,new_avg_dist
966.0,0.0544091592,284139880,130.05241935483872,12.346156451612906,10.6,7516129,2,12.346156451612906,0.0544091592
294.0,0.007362172000000001,450381458,163.88235294117646,13.71525882352941,40.599999999999994,8994885,5,12.2060733321669,0.011969346014285712
98.0,0.033752643,414395753,158.13333333333333,11.214959999999998,-1.1999999999999886,8994885,5,12.2060733321669,0.011969346014285712
95.0,0.005797447999999999,433759174,172.67857142857142,15.2262,-22.400000000000006,8994885,5,12.2060733321669,0.011969346014285712
998.0,0.007423648,458054755,154.78125,11.8195875,-11.0,8994885,5,12.2060733321669,0.011969346014285712
974.0,0.0089856247,361643600,160.53488372093022,11.735916279069771,-6.799999999999997,8994885,5,12.2060733321669,0.011969346014285712
87.0,0.007577512199999999,356555687,166.0,10.893126315789473,47.0,8994885,5,12.2060733321669,0.011969346014285712
97.0,0.012886374199999998,358011839,164.66101694915255,10.837464406779663,-13.200000000000003,8994885,5,12.2060733321669,0.011969346014285712
