max_elapsed_time,sum_geo_distance,workoutid,avg_heart_rate,avg_speed,diff_altitude,userid,prediction,new_avg_speed,new_avg_dist
42.0,0.005336679500000001,576655400,144.32,9.089280000000002,6.3999999999999915,8294504,2,8.998793333333333,0.008671167300000001
98.0,0.016357997500000002,466859365,137.13888888888889,9.0835,10.600000000000009,8294504,2,8.998793333333333,0.008671167300000001
997.0,0.0043188249000000005,649180862,144.0625,8.823599999999997,-0.20000000000000284,8294504,2,8.998793333333333,0.008671167300000001
