max_elapsed_time,sum_geo_distance,workoutid,avg_heart_rate,avg_speed,diff_altitude,userid,prediction,new_avg_speed,new_avg_dist
997.0,0.0101119386,640647291,153.40277777777777,10.100049999999994,8.400000000000006,8353647,5,10.19520613207547,0.01008889865
8.0,0.010065858700000001,469074351,160.26415094339623,10.290362264150943,4.0,8353647,5,10.19520613207547,0.01008889865
