max_elapsed_time,sum_geo_distance,workoutid,avg_heart_rate,avg_speed,diff_altitude,userid,prediction,new_avg_speed,new_avg_dist
496.0,0.0047174759,589268093,212.92307692307693,10.53923076923077,0.0,7178673,6,10.781941515837103,0.006682765250000002
703.0,0.004787591800000001,589267428,214.38235294117646,11.536835294117646,0.0,7178673,6,10.781941515837103,0.006682765250000002
910.0,0.009458608900000002,589268453,185.4390243902439,11.361600000000001,0.4,7178673,6,10.781941515837103,0.006682765250000002
808.0,0.007767384400000002,589268471,189.55555555555554,9.690099999999996,1.2,7178673,6,10.781941515837103,0.006682765250000002
