max_elapsed_time,sum_geo_distance,workoutid,avg_heart_rate,avg_speed,diff_altitude,userid,prediction,new_avg_speed,new_avg_dist
833.0,0.0030742665999999993,646600941,122.16,8.984159999999997,-4.400000000000006,8294504,0,8.984159999999997,0.0030742665999999993
