max_elapsed_time,sum_geo_distance,workoutid,avg_heart_rate,avg_speed,diff_altitude,userid,prediction,new_avg_speed,new_avg_dist
329.0,0.009441558599999999,644778316,153.02272727272728,15.13210909090909,13.600000000000023,3324472,3,15.13210909090909,0.009441558599999999
992.0,0.031278274999999994,427309788,156.30612244897958,10.871944897959187,25.0,2487889,5,10.871944897959187,0.031278274999999994
