max_elapsed_time,sum_geo_distance,workoutid,avg_heart_rate,avg_speed,diff_altitude,userid,prediction,new_avg_speed,new_avg_dist
95.0,0.08067749320000009,630322279,137.018018018018,13.6219891891892,19.200000000000003,2282039,2,13.6219891891892,0.08067749320000009
