max_elapsed_time,sum_geo_distance,workoutid,avg_heart_rate,avg_speed,diff_altitude,userid,prediction,new_avg_speed,new_avg_dist
94.0,0.0040126241,364323879,132.88888888888889,10.540599999999998,-3.0,8875079,2,10.147282608695651,0.00399350245
91.0,0.0039743808,279660685,129.8695652173913,9.753965217391304,-15.799999999999997,8875079,2,10.147282608695651,0.00399350245
