max_elapsed_time,sum_geo_distance,workoutid,avg_heart_rate,avg_speed,diff_altitude,userid,prediction,new_avg_speed,new_avg_dist
555.0,0.0024064794,453383604,126.77777777777777,9.8248,13.199999999999989,1675394,2,9.8248,0.0024064794
8.0,0.0041011599,442113709,133.90625,9.326250000000003,-22.0,2119401,2,9.326250000000003,0.0041011599
86.0,0.0067599886999999996,400848631,151.33333333333334,12.404836363636363,42.599999999999994,8994885,3,12.404836363636363,0.0067599886999999996
