max_elapsed_time,sum_geo_distance,workoutid,avg_heart_rate,avg_speed,diff_altitude,userid,prediction,new_avg_speed,new_avg_dist
997.0,0.06767469070000001,444115639,165.94654088050314,12.827501886792458,-0.20000000000000284,8994885,7,12.055735101812072,0.07690386669999999
993.0,0.08613304269999997,392955881,161.62376237623764,11.283968316831686,-0.6000000000000085,8994885,7,12.055735101812072,0.07690386669999999
