max_elapsed_time,sum_geo_distance,workoutid,avg_heart_rate,avg_speed,diff_altitude,userid,prediction,new_avg_speed,new_avg_dist
89.0,0.0084134975,233800694,127.6,9.885359999999999,16.999999999999986,8994885,2,10.693612716346156,0.01918250005
728.0,5.665002E-4,208570869,139.0,10.0296,0.0,8994885,2,10.693612716346156,0.01918250005
997.0,0.06582399299999998,431633109,137.20833333333334,10.747706250000006,-0.6000000000000085,8994885,2,10.693612716346156,0.01918250005
82.0,0.0019260094999999997,263762272,146.92307692307693,12.111784615384614,2.0,8994885,2,10.693612716346156,0.01918250005
