max_elapsed_time,sum_geo_distance,workoutid,avg_heart_rate,avg_speed,diff_altitude,userid,prediction,new_avg_speed,new_avg_dist
4.0,4.6052E-5,610820640,120.0,4.6152,0.0,7996903,0,6.273719999999999,5.826658000000001E-5
6.0,1.899457E-4,402592287,95.0,5.1354,0.0,7996903,0,6.273719999999999,5.826658000000001E-5
0.0,1.40226E-5,305322511,101.0,11.8332,0.0,7996903,0,6.273719999999999,5.826658000000001E-5
1.0,0.0,323716970,89.5,6.6384,0.0,7996903,0,6.273719999999999,5.826658000000001E-5
3.0,4.13126E-5,236736452,99.5,3.1464,0.0,7996903,0,6.273719999999999,5.826658000000001E-5
70.0,0.009407718899999999,512052016,160.12765957446808,13.598578723404257,20.000000000000004,7178673,5,13.598578723404257,0.009407718899999999
993.0,0.10647507740000003,371078952,157.98720682302772,12.033633262260144,11.2,7404960,7,12.033633262260144,0.10647507740000003
