max_elapsed_time,sum_geo_distance,workoutid,avg_heart_rate,avg_speed,diff_altitude,userid,prediction,new_avg_speed,new_avg_dist
573.0,0.0045867801,289280420,121.6842105263158,10.088147368421051,4.2000000000000455,2336853,0,10.088147368421051,0.0045867801
77.0,0.007960184600000001,308268979,160.0,14.306727272727274,43.19999999999982,2336853,5,14.306727272727274,0.007960184600000001
