max_elapsed_time,sum_geo_distance,workoutid,avg_heart_rate,avg_speed,diff_altitude,userid,prediction,new_avg_speed,new_avg_dist
465.0,0.0068375543,559261979,174.5483870967742,11.232000000000001,12.2,5964610,6,11.232000000000001,0.0068375543
5661.0,0.0074634381,635604216,155.0,10.805815384615384,16.399999999999977,10917968,8,10.805815384615384,0.0074634381
