max_elapsed_time,sum_geo_distance,workoutid,avg_heart_rate,avg_speed,diff_altitude,userid,prediction,new_avg_speed,new_avg_dist
94.0,0.0425674098,376528442,121.58461538461539,10.022289230769234,-0.20000000000000284,8994885,0,11.00710251012146,0.027267376499999996
98.0,0.011967343199999994,461636252,116.84210526315789,11.991915789473683,-0.7999999999999972,8994885,0,11.00710251012146,0.027267376499999996
552.0,0.009147163,256706422,144.0857142857143,11.920834285714285,-0.1999999999999993,10344170,2,11.720760039682538,0.007269947133333334
9.0,0.00555689,234437862,149.55555555555554,11.706933333333332,12.8,10344170,2,11.720760039682538,0.007269947133333334
9.0,0.007105788400000001,321569773,137.625,11.534512499999998,-0.40000000000000036,10344170,2,11.720760039682538,0.007269947133333334
996.0,0.13401943350000003,314966667,150.92577319587627,14.143828453608233,11.4,983950,7,14.143828453608233,0.13401943350000003
