max_elapsed_time,sum_geo_distance,workoutid,avg_heart_rate,avg_speed,diff_altitude,userid,prediction,new_avg_speed,new_avg_dist
872.0,0.008911325200000002,434342998,147.25,9.745900000000002,-1.6000000000000085,11258520,2,9.745900000000002,0.008911325200000002
