{"rfr": {"Route4_Perf1_rfr": {"path": "/home/ubuntu/Regression_4th_Iteration/Models/Route1_Perf4_rfr", "mae": 1161.2316630520804, "r2": 0.8310987630207882, "rmse": 1804.7913674205688}, "Route2_Perf1_rfr": {"path": "/home/ubuntu/Regression_4th_Iteration/Models/Route1_Perf2_rfr", "mae": 972.5772836530238, "r2": 0.6984363264120073, "rmse": 1384.480940403791}, "Route3_Perf1_rfr": {"path": "/home/ubuntu/Regression_4th_Iteration/Models/Route1_Perf3_rfr", "mae": 695.2913147905995, "r2": 0.7558100786368511, "rmse": 1036.6794289267743}, "Route0_Perf2_rfr": {"path": "/home/ubuntu/Regression_4th_Iteration/Models/Route2_Perf0_rfr", "mae": 475.70067913318496, "r2": 0.8058591076864429, "rmse": 685.9648916778915}, "param": "ParamGridBuilder()                     .addGrid(temp_lr.maxDepth, [3, 5])                     .addGrid(temp_lr.numTrees, [10,20,40])                     .build()", "Route3_Perf2_rfr": {"path": "/home/ubuntu/Regression_4th_Iteration/Models/Route2_Perf3_rfr", "mae": 937.5773328256287, "r2": 0.6476331553113222, "rmse": 1355.7993489201465}, "Route1_Perf1_rfr": {"path": "/home/ubuntu/Regression_4th_Iteration/Models/Route1_Perf1_rfr", "mae": 3000.7702196259706, "r2": 0.7364468723246169, "rmse": 3831.543271511385}, "Route2_Perf2_rfr": {"path": "/home/ubuntu/Regression_4th_Iteration/Models/Route2_Perf2_rfr", "mae": 1254.8281599037928, "r2": 0.617612635839889, "rmse": 1757.6479660462644}, "Route1_Perf2_rfr": {"path": "/home/ubuntu/Regression_4th_Iteration/Models/Route2_Perf1_rfr", "mae": 1630.1725424372933, "r2": 0.7530550437422576, "rmse": 2105.5047555137976}, "Route1_Perf0_rfr": {"path": "/home/ubuntu/Regression_4th_Iteration/Models/Route0_Perf1_rfr", "mae": 2262.637997223345, "r2": 0.7439789631376118, "rmse": 3112.5471369051997}, "Route2_Perf0_rfr": {"path": "/home/ubuntu/Regression_4th_Iteration/Models/Route0_Perf2_rfr", "mae": 787.3480768755393, "r2": 0.7627267471668904, "rmse": 1220.8076233203215}, "Route0_Perf0_rfr": {"path": "/home/ubuntu/Regression_4th_Iteration/Models/Route0_Perf0_rfr", "mae": 578.6454373540787, "r2": 0.6205246723570512, "rmse": 960.5602073699389}, "Route3_Perf0_rfr": {"path": "/home/ubuntu/Regression_4th_Iteration/Models/Route0_Perf3_rfr", "mae": 898.9969832901173, "r2": 0.7203525779565529, "rmse": 1272.4436004200813}, "Route4_Perf0_rfr": {"path": "/home/ubuntu/Regression_4th_Iteration/Models/Route0_Perf4_rfr", "mae": 1580.1316332519832, "r2": 0.7086779344805061, "rmse": 2247.4695545743957}, "Route0_Perf1_rfr": {"path": "/home/ubuntu/Regression_4th_Iteration/Models/Route1_Perf0_rfr", "mae": 647.1821174613553, "r2": 0.6334550447837877, "rmse": 972.8503778576463}, "Route4_Perf2_rfr": {"path": "/home/ubuntu/Regression_4th_Iteration/Models/Route2_Perf4_rfr", "mae": 1860.6662140330336, "r2": 0.6458977865326316, "rmse": 2615.808227575415}}, "dt": {"Route0_Perf2_dt": {"path": "/home/ubuntu/Regression_4th_Iteration/Models/Route2_Perf0_dt", "mae": 362.2477960766258, "r2": 0.8631485301130457, "rmse": 575.927891213726}, "Route0_Perf0_dt": {"path": "/home/ubuntu/Regression_4th_Iteration/Models/Route0_Perf0_dt", "mae": 526.2860448281214, "r2": 0.653202242038257, "rmse": 918.2711915465923}, "Route2_Perf0_dt": {"path": "/home/ubuntu/Regression_4th_Iteration/Models/Route0_Perf2_dt", "mae": 719.3068065932431, "r2": 0.7962833460574841, "rmse": 1131.191433662649}, "Route1_Perf0_dt": {"path": "/home/ubuntu/Regression_4th_Iteration/Models/Route0_Perf1_dt", "mae": 2281.4506561327416, "r2": 0.7331699692337391, "rmse": 3177.572470732732}, "Route2_Perf2_dt": {"path": "/home/ubuntu/Regression_4th_Iteration/Models/Route2_Perf2_dt", "mae": 1183.4897886581748, "r2": 0.6373233280643269, "rmse": 1711.7484388861708}, "Route3_Perf0_dt": {"path": "/home/ubuntu/Regression_4th_Iteration/Models/Route0_Perf3_dt", "mae": 811.0379994913451, "r2": 0.7581729986982573, "rmse": 1183.2745590335196}, "Route4_Perf1_dt": {"path": "/home/ubuntu/Regression_4th_Iteration/Models/Route1_Perf4_dt", "mae": 1075.7932027775105, "r2": 0.8469142749384042, "rmse": 1718.216707354531}, "Route3_Perf2_dt": {"path": "/home/ubuntu/Regression_4th_Iteration/Models/Route2_Perf3_dt", "mae": 837.8556266926679, "r2": 0.6906041491793037, "rmse": 1270.44288364169}, "Route4_Perf0_dt": {"path": "/home/ubuntu/Regression_4th_Iteration/Models/Route0_Perf4_dt", "mae": 1568.8396135829946, "r2": 0.7108234719904776, "rmse": 2239.178144470197}, "param": "ParamGridBuilder()                     .addGrid(temp_lr.maxDepth, [3, 5])                     .addGrid(temp_lr.minInfoGain, [0, 0.1, 1])                     .build()", "Route2_Perf1_dt": {"path": "/home/ubuntu/Regression_4th_Iteration/Models/Route1_Perf2_dt", "mae": 894.2484346512161, "r2": 0.7308088156934902, "rmse": 1308.0606628149128}, "Route3_Perf1_dt": {"path": "/home/ubuntu/Regression_4th_Iteration/Models/Route1_Perf3_dt", "mae": 600.0809811104112, "r2": 0.8069679713889332, "rmse": 921.7121251845856}, "Route0_Perf1_dt": {"path": "/home/ubuntu/Regression_4th_Iteration/Models/Route1_Perf0_dt", "mae": 598.5095908286135, "r2": 0.6601933338824966, "rmse": 936.6953747407589}, "Route1_Perf1_dt": {"path": "/home/ubuntu/Regression_4th_Iteration/Models/Route1_Perf1_dt", "mae": 4010.716879502928, "r2": 0.5268307056311299, "rmse": 5133.906138575599}, "Route1_Perf2_dt": {"path": "/home/ubuntu/Regression_4th_Iteration/Models/Route2_Perf1_dt", "mae": 1531.5838930965754, "r2": 0.7537457435847843, "rmse": 2102.558167452976}, "Route4_Perf2_dt": {"path": "/home/ubuntu/Regression_4th_Iteration/Models/Route2_Perf4_dt", "mae": 1719.6193601061532, "r2": 0.6877064690435757, "rmse": 2456.5356703238763}}, "lr": {"Route3_Perf2_lr": {"path": "/home/ubuntu/Regression_4th_Iteration/Models/Route2_Perf3_lr", "mae": 869.7135383728396, "r2": 0.6407327750644034, "rmse": 1369.01025685899}, "Route4_Perf1_lr": {"path": "/home/ubuntu/Regression_4th_Iteration/Models/Route1_Perf4_lr", "mae": 1436.371661626858, "r2": 0.6839018648855393, "rmse": 2469.002653756465}, "Route2_Perf1_lr": {"path": "/home/ubuntu/Regression_4th_Iteration/Models/Route1_Perf2_lr", "mae": 967.0923306880577, "r2": 0.662114758478558, "rmse": 1465.4873706672727}, "Route1_Perf1_lr": {"path": "/home/ubuntu/Regression_4th_Iteration/Models/Route1_Perf1_lr", "mae": 4235.861468563838, "r2": 0.4612814362012039, "rmse": 5477.982215794996}, "param": "ParamGridBuilder()                     .addGrid(temp_lr.maxIter, [5, 10, 100])                     .addGrid(temp_lr.regParam, [0, 0.1, 0.01])                     .build()", "Route3_Perf1_lr": {"path": "/home/ubuntu/Regression_4th_Iteration/Models/Route1_Perf3_lr", "mae": 552.8797197012249, "r2": 0.7775928803659677, "rmse": 989.361385874757}, "Route0_Perf1_lr": {"path": "/home/ubuntu/Regression_4th_Iteration/Models/Route1_Perf0_lr", "mae": 710.5044424546605, "r2": 0.5644143353696387, "rmse": 1060.5208660587555}, "Route4_Perf2_lr": {"path": "/home/ubuntu/Regression_4th_Iteration/Models/Route2_Perf4_lr", "mae": 2481.808622430824, "r2": 0.3404319539550189, "rmse": 3570.02604365948}, "Route4_Perf0_lr": {"path": "/home/ubuntu/Regression_4th_Iteration/Models/Route0_Perf4_lr", "mae": 1985.6623446697627, "r2": 0.5508679412544362, "rmse": 2790.5779282928174}, "Route3_Perf0_lr": {"path": "/home/ubuntu/Regression_4th_Iteration/Models/Route0_Perf3_lr", "mae": 851.5099410554541, "r2": 0.686161053822042, "rmse": 1347.9896268759753}, "Route1_Perf0_lr": {"path": "/home/ubuntu/Regression_4th_Iteration/Models/Route0_Perf1_lr", "mae": 3157.465950687154, "r2": 0.4911504620262602, "rmse": 4388.062486903189}, "Route2_Perf2_lr": {"path": "/home/ubuntu/Regression_4th_Iteration/Models/Route2_Perf2_lr", "mae": 1242.627139236909, "r2": 0.5634172624441669, "rmse": 1878.0770662740504}, "Route0_Perf2_lr": {"path": "/home/ubuntu/Regression_4th_Iteration/Models/Route2_Perf0_lr", "mae": 485.4513627068919, "r2": 0.7335892923099856, "rmse": 803.5616763079986}, "Route2_Perf0_lr": {"path": "/home/ubuntu/Regression_4th_Iteration/Models/Route0_Perf2_lr", "mae": 689.3903591868573, "r2": 0.7790943393321826,